ts,local_time,intensity,emissions,energy_mwh
2026-10-08 19:00:00+00:00,2026-10-09 06:00:00+11:00,559.441798483679,1756.1574,3139.1244
2026-10-08 20:00:00+00:00,2026-10-09 07:00:00+11:00,488.35351003253317,3525.3774,7218.9046
2026-10-08 21:00:00+00:00,2026-10-09 08:00:00+11:00,470.3494161222762,3556.115,7560.5813
2026-10-08 22:00:00+00:00,2026-10-09 09:00:00+11:00,441.9858174586494,3466.0313,7841.9514
2026-10-08 23:00:00+00:00,2026-10-09 10:00:00+11:00,406.50449058446065,3383.7909,8324.1169
2026-10-09 00:00:00+00:00,2026-10-09 11:00:00+11:00,388.97352797458456,3361.4792,8641.9228
2026-10-09 01:00:00+00:00,2026-10-09 12:00:00+11:00,368.1452596092501,3332.5148,9052.1736
2026-10-09 02:00:00+00:00,2026-10-09 13:00:00+11:00,385.5925820611122,3330.0503,8636.1887
2026-10-09 03:00:00+00:00,2026-10-09 14:00:00+11:00,385.2865389624671,3359.387,8719.1912
2026-10-09 04:00:00+00:00,2026-10-09 15:00:00+11:00,402.05826559922326,3373.8376,8391.4146
2026-10-09 05:00:00+00:00,2026-10-09 16:00:00+11:00,401.6274345851019,3403.4302,8474.0979
2026-10-09 06:00:00+00:00,2026-10-09 17:00:00+11:00,444.17838044595374,3591.6187,8085.9827
2026-10-09 07:00:00+00:00,2026-10-09 18:00:00+11:00,412.798408632861,3591.9443,8701.449
2026-10-09 08:00:00+00:00,2026-10-09 19:00:00+11:00,435.8401955070311,3595.9558,8250.6291
2026-10-09 09:00:00+00:00,2026-10-09 20:00:00+11:00,465.45582610649706,3605.3141,7745.7707
2026-10-09 10:00:00+00:00,2026-10-09 21:00:00+11:00,509.36101897508223,3620.4607,7107.848
2026-10-09 11:00:00+00:00,2026-10-09 22:00:00+11:00,540.5208295730583,3530.7373,6532.1022
2026-10-09 12:00:00+00:00,2026-10-09 23:00:00+11:00,565.8509255928672,3492.4477,6172.0279
2026-10-09 13:00:00+00:00,2026-10-10 00:00:00+11:00,569.9993371596784,3487.8948,6119.1208
2026-10-09 14:00:00+00:00,2026-10-10 01:00:00+11:00,599.5199333031597,3488.3466,5818.5665
2026-10-09 15:00:00+00:00,2026-10-10 02:00:00+11:00,638.4494609828165,3492.3612,5470.0668
2026-10-09 16:00:00+00:00,2026-10-10 03:00:00+11:00,663.8762960622787,3495.2291,5264.8801
2026-10-09 17:00:00+00:00,2026-10-10 04:00:00+11:00,676.0968891412112,3487.1557,5157.7751
2026-10-09 18:00:00+00:00,2026-10-10 05:00:00+11:00,678.8475679905976,3491.1918,5142.8214
2026-10-09 19:00:00+00:00,2026-10-10 06:00:00+11:00,647.4650873315352,3494.4818,5397.1741
2026-10-09 20:00:00+00:00,2026-10-10 07:00:00+11:00,615.4667826445201,3515.4817,5711.8951
2026-10-09 21:00:00+00:00,2026-10-10 08:00:00+11:00,599.2005796397204,3447.7516,5753.919
2026-10-09 22:00:00+00:00,2026-10-10 09:00:00+11:00,599.0086812323045,3362.2525,5613.028
2026-10-09 23:00:00+00:00,2026-10-10 10:00:00+11:00,540.779820280192,3346.4413,6188.1771
2026-10-10 00:00:00+00:00,2026-10-10 11:00:00+11:00,485.28082584534314,3353.2627,6909.9427
2026-10-10 01:00:00+00:00,2026-10-10 12:00:00+11:00,468.68112555954673,3358.4125,7165.6662
2026-10-10 02:00:00+00:00,2026-10-10 13:00:00+11:00,474.17379408200514,3361.6067,7089.3979
2026-10-10 03:00:00+00:00,2026-10-10 14:00:00+11:00,467.11696448990426,3358.9776,7190.8705
2026-10-10 04:00:00+00:00,2026-10-10 15:00:00+11:00,482.4688680149102,3350.4226,6944.3291
2026-10-10 05:00:00+00:00,2026-10-10 16:00:00+11:00,494.5226562163273,3356.0199,6786.3825
2026-10-10 06:00:00+00:00,2026-10-10 17:00:00+11:00,550.1432892915726,3475.2035,6316.9061
2026-10-10 07:00:00+00:00,2026-10-10 18:00:00+11:00,560.9742084388196,3659.5033,6523.4787
2026-10-10 08:00:00+00:00,2026-10-10 19:00:00+11:00,610.6211116383839,4227.6142,6923.4655
2026-10-10 09:00:00+00:00,2026-10-10 20:00:00+11:00,627.3433071063461,4586.2477,7310.5868
2026-10-10 10:00:00+00:00,2026-10-10 21:00:00+11:00,647.9678749315443,4605.8003,7108.0689
2026-10-10 11:00:00+00:00,2026-10-10 22:00:00+11:00,718.197477174079,4629.5989,6446.1364
2026-10-10 12:00:00+00:00,2026-10-10 23:00:00+11:00,778.0422193715774,4625.3474,5944.854
2026-10-10 13:00:00+00:00,2026-10-11 00:00:00+11:00,783.8158889035334,4636.8213,5915.7021
2026-10-10 14:00:00+00:00,2026-10-11 01:00:00+11:00,810.065664656221,4644.8778,5733.9522
2026-10-10 15:00:00+00:00,2026-10-11 02:00:00+11:00,891.0234945683952,4649.0057,5217.6017
2026-10-10 16:00:00+00:00,2026-10-11 03:00:00+11:00,945.6854102533722,4655.5566,4922.9443
2026-10-10 17:00:00+00:00,2026-10-11 04:00:00+11:00,940.7865188703197,4649.9767,4942.6481
2026-10-10 18:00:00+00:00,2026-10-11 05:00:00+11:00,943.2341713861125,4647.1729,4926.8496
2026-10-10 19:00:00+00:00,2026-10-11 06:00:00+11:00,964.5753104485271,1549.5885,1606.4982
